id0_0000.mp4,REAL
id0_0001.mp4,REAL
id0_0002.mp4,REAL
id0_0003.mp4,REAL
id0_0004.mp4,REAL
id0_0005.mp4,REAL
id0_0006.mp4,REAL
id0_0007.mp4,REAL
id0_0008.mp4,REAL
id0_0009.mp4,REAL
id1_0000.mp4,REAL
id1_0001.mp4,REAL
id1_0002.mp4,REAL
id1_0003.mp4,REAL
id1_0004.mp4,REAL
id1_0005.mp4,REAL
id1_0006.mp4,REAL
id1_0007.mp4,REAL
id1_0008.mp4,REAL
id1_0009.mp4,REAL
id2_0000.mp4,REAL
id2_0001.mp4,REAL
id2_0002.mp4,REAL
id2_0003.mp4,REAL
id2_0004.mp4,REAL
id2_0005.mp4,REAL
id2_0006.mp4,REAL
id2_0007.mp4,REAL
id2_0008.mp4,REAL
id2_0009.mp4,REAL
id3_0000.mp4,REAL
id3_0001.mp4,REAL
id3_0002.mp4,REAL
id3_0003.mp4,REAL
id3_0004.mp4,REAL
id3_0005.mp4,REAL
id3_0006.mp4,REAL
id3_0007.mp4,REAL
id3_0008.mp4,REAL
id3_0009.mp4,REAL
id4_0000.mp4,REAL
id4_0001.mp4,REAL
id4_0002.mp4,REAL
id4_0003.mp4,REAL
id4_0004.mp4,REAL
id4_0005.mp4,REAL
id4_0006.mp4,REAL
id4_0007.mp4,REAL
id4_0008.mp4,REAL
id4_0009.mp4,REAL
id6_0000.mp4,REAL
id6_0001.mp4,REAL
id6_0002.mp4,REAL
id6_0003.mp4,REAL
id6_0004.mp4,REAL
id6_0005.mp4,REAL
id6_0006.mp4,REAL
id6_0007.mp4,REAL
id6_0008.mp4,REAL
id6_0009.mp4,REAL
id7_0000.mp4,REAL
id7_0001.mp4,REAL
id7_0002.mp4,REAL
id7_0003.mp4,REAL
id7_0004.mp4,REAL
id7_0005.mp4,REAL
id7_0006.mp4,REAL
id7_0007.mp4,REAL
id7_0008.mp4,REAL
id7_0009.mp4,REAL
id8_0000.mp4,REAL
id8_0001.mp4,REAL
id8_0002.mp4,REAL
id8_0003.mp4,REAL
id8_0004.mp4,REAL
id8_0005.mp4,REAL
id8_0006.mp4,REAL
id8_0007.mp4,REAL
id8_0008.mp4,REAL
id8_0009.mp4,REAL
id9_0000.mp4,REAL
id9_0001.mp4,REAL
id9_0002.mp4,REAL
id9_0003.mp4,REAL
id9_0004.mp4,REAL
id9_0005.mp4,REAL
id9_0006.mp4,REAL
id9_0007.mp4,REAL
id9_0008.mp4,REAL
id9_0009.mp4,REAL
id10_0000.mp4,REAL
id10_0001.mp4,REAL
id10_0002.mp4,REAL
id10_0003.mp4,REAL
id10_0004.mp4,REAL
id10_0005.mp4,REAL
id10_0006.mp4,REAL
id10_0007.mp4,REAL
id10_0008.mp4,REAL
id10_0009.mp4,REAL
id11_0000.mp4,REAL
id11_0001.mp4,REAL
id11_0002.mp4,REAL
id11_0003.mp4,REAL
id11_0004.mp4,REAL
id11_0005.mp4,REAL
id11_0006.mp4,REAL
id11_0007.mp4,REAL
id11_0008.mp4,REAL
id11_0009.mp4,REAL
id11_0010.mp4,REAL
id12_0000.mp4,REAL
id12_0001.mp4,REAL
id12_0002.mp4,REAL
id12_0003.mp4,REAL
id12_0004.mp4,REAL
id12_0005.mp4,REAL
id12_0006.mp4,REAL
id13_0000.mp4,REAL
id13_0001.mp4,REAL
id13_0002.mp4,REAL
id13_0003.mp4,REAL
id13_0004.mp4,REAL
id13_0005.mp4,REAL
id13_0006.mp4,REAL
id13_0007.mp4,REAL
id13_0008.mp4,REAL
id13_0009.mp4,REAL
id13_0010.mp4,REAL
id13_0011.mp4,REAL
id13_0012.mp4,REAL
id13_0013.mp4,REAL
id13_0014.mp4,REAL
id13_0015.mp4,REAL
id16_0000.mp4,REAL
id16_0001.mp4,REAL
id16_0002.mp4,REAL
id16_0003.mp4,REAL
id16_0004.mp4,REAL
id16_0005.mp4,REAL
id16_0006.mp4,REAL
id16_0007.mp4,REAL
id16_0008.mp4,REAL
id16_0009.mp4,REAL
id16_0010.mp4,REAL
id16_0011.mp4,REAL
id16_0012.mp4,REAL
id16_0013.mp4,REAL
id17_0000.mp4,REAL
id17_0001.mp4,REAL
id17_0002.mp4,REAL
id17_0003.mp4,REAL
id17_0004.mp4,REAL
id17_0005.mp4,REAL
id17_0006.mp4,REAL
id17_0007.mp4,REAL
id17_0008.mp4,REAL
id17_0009.mp4,REAL
id0_id1_0000.mp4,FAKE
id0_id1_0001.mp4,FAKE
id0_id1_0002.mp4,FAKE
id0_id1_0003.mp4,FAKE
id0_id1_0005.mp4,FAKE
id0_id1_0006.mp4,FAKE
id0_id1_0007.mp4,FAKE
id0_id1_0009.mp4,FAKE
id0_id2_0000.mp4,FAKE
id0_id2_0001.mp4,FAKE
id0_id2_0002.mp4,FAKE
id0_id2_0003.mp4,FAKE
id0_id2_0004.mp4,FAKE
id0_id2_0005.mp4,FAKE
id0_id2_0006.mp4,FAKE
id0_id2_0007.mp4,FAKE
id0_id2_0008.mp4,FAKE
id0_id2_0009.mp4,FAKE
id0_id3_0000.mp4,FAKE
id0_id3_0001.mp4,FAKE
id0_id3_0002.mp4,FAKE
id0_id3_0003.mp4,FAKE
id0_id3_0004.mp4,FAKE
id0_id3_0005.mp4,FAKE
id0_id3_0006.mp4,FAKE
id0_id3_0007.mp4,FAKE
id0_id3_0008.mp4,FAKE
id0_id3_0009.mp4,FAKE
id0_id4_0000.mp4,FAKE
id0_id4_0001.mp4,FAKE
id0_id4_0002.mp4,FAKE
id0_id4_0003.mp4,FAKE
id0_id4_0004.mp4,FAKE
id0_id4_0005.mp4,FAKE
id0_id4_0006.mp4,FAKE
id0_id4_0009.mp4,FAKE
id0_id6_0000.mp4,FAKE
id0_id6_0001.mp4,FAKE
id0_id6_0002.mp4,FAKE
id0_id6_0006.mp4,FAKE
id0_id6_0007.mp4,FAKE
id0_id6_0009.mp4,FAKE
id0_id9_0000.mp4,FAKE
id0_id9_0001.mp4,FAKE
id0_id9_0002.mp4,FAKE
id0_id9_0003.mp4,FAKE
id0_id9_0005.mp4,FAKE
id0_id9_0006.mp4,FAKE
id0_id9_0007.mp4,FAKE
id0_id9_0008.mp4,FAKE
id0_id9_0009.mp4,FAKE
id0_id16_0000.mp4,FAKE
id0_id16_0001.mp4,FAKE
id0_id16_0002.mp4,FAKE
id0_id16_0003.mp4,FAKE
id0_id16_0004.mp4,FAKE
id0_id16_0005.mp4,FAKE
id0_id16_0006.mp4,FAKE
id0_id16_0007.mp4,FAKE
id0_id16_0008.mp4,FAKE
id0_id16_0009.mp4,FAKE
id0_id17_0000.mp4,FAKE
id0_id17_0001.mp4,FAKE
id0_id17_0002.mp4,FAKE
id0_id17_0003.mp4,FAKE
id0_id17_0005.mp4,FAKE
id0_id17_0006.mp4,FAKE
id0_id17_0007.mp4,FAKE
id0_id17_0009.mp4,FAKE
id1_id0_0000.mp4,FAKE
id1_id0_0001.mp4,FAKE
id1_id0_0002.mp4,FAKE
id1_id0_0003.mp4,FAKE
id1_id0_0004.mp4,FAKE
id1_id0_0005.mp4,FAKE
id1_id0_0006.mp4,FAKE
id1_id0_0007.mp4,FAKE
id1_id0_0009.mp4,FAKE
id1_id2_0000.mp4,FAKE
id1_id2_0001.mp4,FAKE
id1_id2_0002.mp4,FAKE
id1_id2_0003.mp4,FAKE
id1_id2_0004.mp4,FAKE
id1_id2_0005.mp4,FAKE
id1_id2_0006.mp4,FAKE
id1_id2_0007.mp4,FAKE
id1_id2_0009.mp4,FAKE
id1_id3_0000.mp4,FAKE
id1_id3_0001.mp4,FAKE
id1_id3_0002.mp4,FAKE
id1_id3_0003.mp4,FAKE
id1_id3_0004.mp4,FAKE
id1_id3_0005.mp4,FAKE
id1_id3_0006.mp4,FAKE
id1_id3_0007.mp4,FAKE
id1_id3_0009.mp4,FAKE
id1_id4_0000.mp4,FAKE
id1_id4_0001.mp4,FAKE
id1_id4_0002.mp4,FAKE
id1_id4_0003.mp4,FAKE
id1_id4_0004.mp4,FAKE
id1_id4_0005.mp4,FAKE
id1_id4_0006.mp4,FAKE
id1_id4_0007.mp4,FAKE
id1_id4_0009.mp4,FAKE
id1_id6_0000.mp4,FAKE
id1_id6_0001.mp4,FAKE
id1_id6_0002.mp4,FAKE
id1_id6_0003.mp4,FAKE
id1_id6_0004.mp4,FAKE
id1_id6_0005.mp4,FAKE
id1_id6_0006.mp4,FAKE
id1_id6_0007.mp4,FAKE
id1_id6_0009.mp4,FAKE
id1_id9_0000.mp4,FAKE
id1_id9_0001.mp4,FAKE
id1_id9_0002.mp4,FAKE
id1_id9_0003.mp4,FAKE
id1_id9_0004.mp4,FAKE
id1_id9_0005.mp4,FAKE
id1_id9_0006.mp4,FAKE
id1_id9_0007.mp4,FAKE
id1_id9_0009.mp4,FAKE
id1_id16_0000.mp4,FAKE
id1_id16_0001.mp4,FAKE
id1_id16_0002.mp4,FAKE
id1_id16_0003.mp4,FAKE
id1_id16_0004.mp4,FAKE
id1_id16_0005.mp4,FAKE
id1_id16_0006.mp4,FAKE
id1_id16_0007.mp4,FAKE
id1_id16_0009.mp4,FAKE
id1_id17_0000.mp4,FAKE
id1_id17_0001.mp4,FAKE
id1_id17_0002.mp4,FAKE
id1_id17_0003.mp4,FAKE
id1_id17_0004.mp4,FAKE
id1_id17_0005.mp4,FAKE
id1_id17_0006.mp4,FAKE
id1_id17_0007.mp4,FAKE
id1_id17_0009.mp4,FAKE
id2_id0_0000.mp4,FAKE
id2_id0_0001.mp4,FAKE
id2_id0_0002.mp4,FAKE
id2_id0_0003.mp4,FAKE
id2_id0_0004.mp4,FAKE
id2_id0_0005.mp4,FAKE
id2_id0_0006.mp4,FAKE
id2_id0_0007.mp4,FAKE
id2_id0_0008.mp4,FAKE
id2_id0_0009.mp4,FAKE
id2_id1_0000.mp4,FAKE
id2_id1_0001.mp4,FAKE
id2_id1_0002.mp4,FAKE
id2_id1_0003.mp4,FAKE
id2_id1_0004.mp4,FAKE
id2_id1_0005.mp4,FAKE
id2_id1_0006.mp4,FAKE
id2_id1_0007.mp4,FAKE
id2_id1_0008.mp4,FAKE
id2_id1_0009.mp4,FAKE
id2_id3_0000.mp4,FAKE
id2_id3_0001.mp4,FAKE
id2_id3_0002.mp4,FAKE
id2_id3_0003.mp4,FAKE
id2_id3_0004.mp4,FAKE
id2_id3_0005.mp4,FAKE
id2_id3_0006.mp4,FAKE
id2_id3_0007.mp4,FAKE
id2_id3_0008.mp4,FAKE
id2_id3_0009.mp4,FAKE
id2_id4_0000.mp4,FAKE
id2_id4_0001.mp4,FAKE
id2_id4_0002.mp4,FAKE
id2_id4_0003.mp4,FAKE
id2_id4_0006.mp4,FAKE
id2_id4_0007.mp4,FAKE
id2_id4_0008.mp4,FAKE
id2_id4_0009.mp4,FAKE
id2_id6_0001.mp4,FAKE
id2_id6_0002.mp4,FAKE
id2_id6_0003.mp4,FAKE
id2_id6_0004.mp4,FAKE
id2_id6_0005.mp4,FAKE
id2_id6_0006.mp4,FAKE
id2_id6_0007.mp4,FAKE
id2_id6_0008.mp4,FAKE
id2_id6_0009.mp4,FAKE
id2_id9_0000.mp4,FAKE
id2_id9_0001.mp4,FAKE
id2_id9_0002.mp4,FAKE
id2_id9_0003.mp4,FAKE
id2_id9_0004.mp4,FAKE
id2_id9_0005.mp4,FAKE
id2_id9_0006.mp4,FAKE
id2_id9_0007.mp4,FAKE
id2_id9_0008.mp4,FAKE
id2_id9_0009.mp4,FAKE
id2_id16_0000.mp4,FAKE
id2_id16_0001.mp4,FAKE
id2_id16_0002.mp4,FAKE
id2_id16_0003.mp4,FAKE
id2_id16_0004.mp4,FAKE
id2_id16_0005.mp4,FAKE
id2_id16_0006.mp4,FAKE
id2_id16_0007.mp4,FAKE
id2_id16_0008.mp4,FAKE
id2_id16_0009.mp4,FAKE
id2_id17_0000.mp4,FAKE
id2_id17_0001.mp4,FAKE
id2_id17_0002.mp4,FAKE
id2_id17_0003.mp4,FAKE
id2_id17_0004.mp4,FAKE
id2_id17_0005.mp4,FAKE
id2_id17_0006.mp4,FAKE
id2_id17_0007.mp4,FAKE
id2_id17_0008.mp4,FAKE
id2_id17_0009.mp4,FAKE
id3_id0_0000.mp4,FAKE
id3_id0_0001.mp4,FAKE
id3_id0_0002.mp4,FAKE
id3_id0_0003.mp4,FAKE
id3_id0_0004.mp4,FAKE
id3_id0_0005.mp4,FAKE
id3_id0_0006.mp4,FAKE
id3_id0_0007.mp4,FAKE
id3_id0_0008.mp4,FAKE
id3_id0_0009.mp4,FAKE
id3_id1_0001.mp4,FAKE
id3_id1_0002.mp4,FAKE
id3_id1_0003.mp4,FAKE
id3_id1_0004.mp4,FAKE
id3_id1_0005.mp4,FAKE
id3_id1_0006.mp4,FAKE
id3_id1_0007.mp4,FAKE
id3_id1_0008.mp4,FAKE
id3_id1_0009.mp4,FAKE
id3_id2_0000.mp4,FAKE
id3_id2_0001.mp4,FAKE
id3_id2_0002.mp4,FAKE
id3_id2_0003.mp4,FAKE
id3_id2_0004.mp4,FAKE
id3_id2_0005.mp4,FAKE
id3_id2_0006.mp4,FAKE
id3_id2_0007.mp4,FAKE
id3_id2_0008.mp4,FAKE
id3_id2_0009.mp4,FAKE
id3_id4_0001.mp4,FAKE
id3_id4_0003.mp4,FAKE
id3_id4_0004.mp4,FAKE
id3_id4_0005.mp4,FAKE
id3_id4_0006.mp4,FAKE
id3_id4_0008.mp4,FAKE
id3_id6_0000.mp4,FAKE
id3_id6_0001.mp4,FAKE
id3_id6_0002.mp4,FAKE
id3_id6_0003.mp4,FAKE
id3_id6_0004.mp4,FAKE
id3_id6_0005.mp4,FAKE
id3_id6_0006.mp4,FAKE
id3_id6_0007.mp4,FAKE
id3_id6_0008.mp4,FAKE
id3_id6_0009.mp4,FAKE
id3_id9_0000.mp4,FAKE
id3_id9_0001.mp4,FAKE
id3_id9_0002.mp4,FAKE
id3_id9_0003.mp4,FAKE
id3_id9_0004.mp4,FAKE
id3_id9_0005.mp4,FAKE
id3_id9_0006.mp4,FAKE
id3_id9_0007.mp4,FAKE
id3_id9_0008.mp4,FAKE
id3_id9_0009.mp4,FAKE
id3_id16_0000.mp4,FAKE
id3_id16_0001.mp4,FAKE
id3_id16_0002.mp4,FAKE
id3_id16_0003.mp4,FAKE
id3_id16_0004.mp4,FAKE
id3_id16_0005.mp4,FAKE
id3_id16_0006.mp4,FAKE
id3_id16_0008.mp4,FAKE
id3_id16_0009.mp4,FAKE
id3_id17_0000.mp4,FAKE
id3_id17_0001.mp4,FAKE
id3_id17_0002.mp4,FAKE
id3_id17_0003.mp4,FAKE
id3_id17_0004.mp4,FAKE
id3_id17_0005.mp4,FAKE
id3_id17_0006.mp4,FAKE
id3_id17_0007.mp4,FAKE
id3_id17_0008.mp4,FAKE
id3_id17_0009.mp4,FAKE
id4_id0_0000.mp4,FAKE
id4_id0_0001.mp4,FAKE
id4_id0_0002.mp4,FAKE
id4_id0_0003.mp4,FAKE
id4_id0_0004.mp4,FAKE
id4_id0_0005.mp4,FAKE
id4_id0_0006.mp4,FAKE
id4_id0_0007.mp4,FAKE
id4_id0_0008.mp4,FAKE
id4_id0_0009.mp4,FAKE
id4_id1_0000.mp4,FAKE
id4_id1_0001.mp4,FAKE
id4_id1_0002.mp4,FAKE
id4_id1_0003.mp4,FAKE
id4_id1_0004.mp4,FAKE
id4_id1_0005.mp4,FAKE
id4_id1_0006.mp4,FAKE
id4_id1_0007.mp4,FAKE
id4_id1_0008.mp4,FAKE
id4_id1_0009.mp4,FAKE
id4_id2_0000.mp4,FAKE
id4_id2_0001.mp4,FAKE
id4_id2_0002.mp4,FAKE
id4_id2_0003.mp4,FAKE
id4_id2_0004.mp4,FAKE
id4_id2_0005.mp4,FAKE
id4_id2_0006.mp4,FAKE
id4_id2_0007.mp4,FAKE
id4_id2_0008.mp4,FAKE
id4_id2_0009.mp4,FAKE
id4_id3_0000.mp4,FAKE
id4_id3_0001.mp4,FAKE
id4_id3_0002.mp4,FAKE
id4_id3_0003.mp4,FAKE
id4_id3_0004.mp4,FAKE
id4_id3_0005.mp4,FAKE
id4_id3_0006.mp4,FAKE
id4_id3_0007.mp4,FAKE
id4_id3_0008.mp4,FAKE
id4_id3_0009.mp4,FAKE
id4_id6_0000.mp4,FAKE
id4_id6_0001.mp4,FAKE
id4_id6_0002.mp4,FAKE
id4_id6_0003.mp4,FAKE
id4_id6_0004.mp4,FAKE
id4_id6_0005.mp4,FAKE
id4_id6_0006.mp4,FAKE
id4_id6_0007.mp4,FAKE
id4_id6_0008.mp4,FAKE
id4_id6_0009.mp4,FAKE
id4_id9_0000.mp4,FAKE
id4_id9_0001.mp4,FAKE
id4_id9_0002.mp4,FAKE
id4_id9_0003.mp4,FAKE
id4_id9_0004.mp4,FAKE
id4_id9_0005.mp4,FAKE
id4_id9_0006.mp4,FAKE
id4_id9_0007.mp4,FAKE
id4_id9_0008.mp4,FAKE
id6_id0_0000.mp4,FAKE
id6_id0_0001.mp4,FAKE
id6_id0_0002.mp4,FAKE
id6_id0_0003.mp4,FAKE
id6_id0_0004.mp4,FAKE
id6_id0_0005.mp4,FAKE
id6_id0_0006.mp4,FAKE
id6_id0_0007.mp4,FAKE
id6_id0_0008.mp4,FAKE
id6_id0_0009.mp4,FAKE
id6_id1_0000.mp4,FAKE
id6_id1_0001.mp4,FAKE
id6_id1_0002.mp4,FAKE
id6_id1_0003.mp4,FAKE
id6_id1_0004.mp4,FAKE
id6_id1_0005.mp4,FAKE
id6_id1_0006.mp4,FAKE
id6_id1_0007.mp4,FAKE
id6_id1_0008.mp4,FAKE
id6_id1_0009.mp4,FAKE
id6_id2_0000.mp4,FAKE
id6_id2_0001.mp4,FAKE
id6_id2_0002.mp4,FAKE
id6_id2_0003.mp4,FAKE
id6_id2_0004.mp4,FAKE
id6_id2_0005.mp4,FAKE
id6_id2_0006.mp4,FAKE
id6_id2_0007.mp4,FAKE
id6_id2_0008.mp4,FAKE
id6_id2_0009.mp4,FAKE
id6_id3_0000.mp4,FAKE
id6_id3_0001.mp4,FAKE
id6_id3_0002.mp4,FAKE
id6_id3_0003.mp4,FAKE
id6_id3_0004.mp4,FAKE
id6_id3_0005.mp4,FAKE
id6_id3_0006.mp4,FAKE
id6_id3_0007.mp4,FAKE
id6_id3_0008.mp4,FAKE
id6_id3_0009.mp4,FAKE
id6_id4_0001.mp4,FAKE
id6_id4_0004.mp4,FAKE
id6_id4_0005.mp4,FAKE
id6_id4_0006.mp4,FAKE
id6_id4_0007.mp4,FAKE
id6_id4_0008.mp4,FAKE
id6_id4_0009.mp4,FAKE
id6_id9_0000.mp4,FAKE
id6_id9_0001.mp4,FAKE
id6_id9_0002.mp4,FAKE
id6_id9_0003.mp4,FAKE
id6_id9_0004.mp4,FAKE
id6_id9_0005.mp4,FAKE
id6_id9_0006.mp4,FAKE
id6_id9_0007.mp4,FAKE
id6_id9_0008.mp4,FAKE
id6_id9_0009.mp4,FAKE
id6_id16_0000.mp4,FAKE
id6_id16_0001.mp4,FAKE
id6_id16_0002.mp4,FAKE
id6_id16_0003.mp4,FAKE
id6_id16_0004.mp4,FAKE
id6_id16_0005.mp4,FAKE
id6_id16_0006.mp4,FAKE
id6_id16_0007.mp4,FAKE
id6_id16_0008.mp4,FAKE
id6_id16_0009.mp4,FAKE
id6_id17_0000.mp4,FAKE
id6_id17_0001.mp4,FAKE
id6_id17_0002.mp4,FAKE
id6_id17_0003.mp4,FAKE
id6_id17_0004.mp4,FAKE
id6_id17_0005.mp4,FAKE
id6_id17_0006.mp4,FAKE
id6_id17_0007.mp4,FAKE
id6_id17_0008.mp4,FAKE
id6_id17_0009.mp4,FAKE
id7_id10_0001.mp4,FAKE
id7_id10_0002.mp4,FAKE
id7_id10_0003.mp4,FAKE
id7_id10_0004.mp4,FAKE
id7_id10_0005.mp4,FAKE
id7_id10_0007.mp4,FAKE
id7_id10_0009.mp4,FAKE
id7_id11_0000.mp4,FAKE
id7_id11_0001.mp4,FAKE
id7_id11_0002.mp4,FAKE
id7_id11_0004.mp4,FAKE
id7_id11_0005.mp4,FAKE
id7_id11_0006.mp4,FAKE
id7_id11_0007.mp4,FAKE
id7_id11_0009.mp4,FAKE
id7_id12_0000.mp4,FAKE
id7_id12_0002.mp4,FAKE
id7_id12_0004.mp4,FAKE
id7_id12_0005.mp4,FAKE
id7_id12_0007.mp4,FAKE
id7_id12_0009.mp4,FAKE
id7_id13_0000.mp4,FAKE
id7_id13_0001.mp4,FAKE
id7_id13_0002.mp4,FAKE
id7_id13_0004.mp4,FAKE
id7_id13_0005.mp4,FAKE
id7_id13_0006.mp4,FAKE
id7_id13_0007.mp4,FAKE
id7_id13_0009.mp4,FAKE
id8_id0_0002.mp4,FAKE
id8_id0_0003.mp4,FAKE
id8_id0_0007.mp4,FAKE
id8_id0_0008.mp4,FAKE
id8_id1_0002.mp4,FAKE
id8_id1_0003.mp4,FAKE
id8_id1_0007.mp4,FAKE
id8_id1_0008.mp4,FAKE
id8_id2_0002.mp4,FAKE
id8_id2_0003.mp4,FAKE
id8_id2_0007.mp4,FAKE
id8_id2_0008.mp4,FAKE
id8_id3_0002.mp4,FAKE
id8_id3_0003.mp4,FAKE
id8_id3_0007.mp4,FAKE
id8_id3_0008.mp4,FAKE
id8_id4_0007.mp4,FAKE
id8_id5_0002.mp4,FAKE
id8_id5_0003.mp4,FAKE
id8_id5_0007.mp4,FAKE
id8_id5_0008.mp4,FAKE
id8_id6_0002.mp4,FAKE
id8_id6_0003.mp4,FAKE
id8_id6_0007.mp4,FAKE
id8_id6_0008.mp4,FAKE
id8_id7_0002.mp4,FAKE
id8_id7_0003.mp4,FAKE
id8_id7_0007.mp4,FAKE
id8_id7_0008.mp4,FAKE
id8_id9_0002.mp4,FAKE
id8_id9_0003.mp4,FAKE
id8_id9_0007.mp4,FAKE
id8_id9_0008.mp4,FAKE
id9_id0_0000.mp4,FAKE
id9_id0_0001.mp4,FAKE
id9_id0_0003.mp4,FAKE
id9_id0_0004.mp4,FAKE
id9_id0_0005.mp4,FAKE
id9_id0_0006.mp4,FAKE
id9_id0_0007.mp4,FAKE
id9_id0_0008.mp4,FAKE
id9_id0_0009.mp4,FAKE
id9_id1_0000.mp4,FAKE
id9_id1_0001.mp4,FAKE
id9_id1_0002.mp4,FAKE
id9_id1_0004.mp4,FAKE
id9_id1_0005.mp4,FAKE
id9_id1_0006.mp4,FAKE
id9_id1_0008.mp4,FAKE
id9_id1_0009.mp4,FAKE
id9_id2_0000.mp4,FAKE
id9_id2_0001.mp4,FAKE
id9_id2_0002.mp4,FAKE
id9_id2_0004.mp4,FAKE
id9_id2_0005.mp4,FAKE
id9_id2_0006.mp4,FAKE
id9_id2_0007.mp4,FAKE
id9_id2_0008.mp4,FAKE
id9_id2_0009.mp4,FAKE
id9_id3_0000.mp4,FAKE
id9_id3_0001.mp4,FAKE
id9_id3_0002.mp4,FAKE
id9_id3_0004.mp4,FAKE
id9_id3_0005.mp4,FAKE
id9_id3_0006.mp4,FAKE
id9_id3_0007.mp4,FAKE
id9_id3_0008.mp4,FAKE
id9_id3_0009.mp4,FAKE
id9_id4_0000.mp4,FAKE
id9_id4_0001.mp4,FAKE
id9_id4_0002.mp4,FAKE
id9_id4_0004.mp4,FAKE
id9_id4_0005.mp4,FAKE
id9_id4_0006.mp4,FAKE
id9_id4_0007.mp4,FAKE
id9_id4_0008.mp4,FAKE
id9_id4_0009.mp4,FAKE
id9_id6_0000.mp4,FAKE
id9_id6_0001.mp4,FAKE
id9_id6_0002.mp4,FAKE
id9_id6_0004.mp4,FAKE
id9_id6_0005.mp4,FAKE
id9_id6_0006.mp4,FAKE
id9_id6_0007.mp4,FAKE
id9_id6_0008.mp4,FAKE
id9_id6_0009.mp4,FAKE
id9_id16_0000.mp4,FAKE
id9_id16_0001.mp4,FAKE
id9_id16_0002.mp4,FAKE
id9_id16_0003.mp4,FAKE
id9_id16_0004.mp4,FAKE
id9_id16_0005.mp4,FAKE
id9_id16_0006.mp4,FAKE
id9_id16_0007.mp4,FAKE
id9_id16_0008.mp4,FAKE
id9_id16_0009.mp4,FAKE
id9_id17_0000.mp4,FAKE
id9_id17_0001.mp4,FAKE
id9_id17_0002.mp4,FAKE
id9_id17_0003.mp4,FAKE
id9_id17_0004.mp4,FAKE
id9_id17_0005.mp4,FAKE
id9_id17_0006.mp4,FAKE
id9_id17_0007.mp4,FAKE
id9_id17_0008.mp4,FAKE
id9_id17_0009.mp4,FAKE
id10_id7_0001.mp4,FAKE
id10_id7_0002.mp4,FAKE
id10_id7_0003.mp4,FAKE
id10_id7_0004.mp4,FAKE
id10_id7_0005.mp4,FAKE
id10_id7_0006.mp4,FAKE
id10_id7_0007.mp4,FAKE
id10_id7_0008.mp4,FAKE
id10_id7_0009.mp4,FAKE
id10_id11_0001.mp4,FAKE
id10_id11_0002.mp4,FAKE
id10_id11_0003.mp4,FAKE
id10_id11_0004.mp4,FAKE
id10_id11_0005.mp4,FAKE
id10_id11_0006.mp4,FAKE
id10_id11_0007.mp4,FAKE
id10_id11_0008.mp4,FAKE
id10_id12_0001.mp4,FAKE
id10_id12_0002.mp4,FAKE
id10_id12_0003.mp4,FAKE
id10_id12_0004.mp4,FAKE
id10_id12_0005.mp4,FAKE
id10_id12_0006.mp4,FAKE
id10_id12_0007.mp4,FAKE
id10_id12_0008.mp4,FAKE
id10_id13_0001.mp4,FAKE
id10_id13_0002.mp4,FAKE
id10_id13_0003.mp4,FAKE
id10_id13_0004.mp4,FAKE
id10_id13_0005.mp4,FAKE
id10_id13_0006.mp4,FAKE
id10_id13_0007.mp4,FAKE
id10_id13_0008.mp4,FAKE
id11_id7_0000.mp4,FAKE
id11_id7_0001.mp4,FAKE
id11_id7_0002.mp4,FAKE
id11_id7_0003.mp4,FAKE
id11_id7_0004.mp4,FAKE
id11_id7_0005.mp4,FAKE
id11_id7_0006.mp4,FAKE
id11_id7_0007.mp4,FAKE
id11_id7_0008.mp4,FAKE
id11_id7_0009.mp4,FAKE
id11_id7_0010.mp4,FAKE
id12_id7_0000.mp4,FAKE
id12_id7_0001.mp4,FAKE
id12_id7_0002.mp4,FAKE
id12_id7_0004.mp4,FAKE
id12_id7_0005.mp4,FAKE
id12_id7_0006.mp4,FAKE
id12_id10_0001.mp4,FAKE
id12_id10_0002.mp4,FAKE
id12_id10_0004.mp4,FAKE
id12_id10_0005.mp4,FAKE
id12_id10_0006.mp4,FAKE
id13_id7_0000.mp4,FAKE
id13_id7_0001.mp4,FAKE
id13_id7_0002.mp4,FAKE
id13_id7_0003.mp4,FAKE
id13_id7_0004.mp4,FAKE
id13_id7_0005.mp4,FAKE
id13_id7_0007.mp4,FAKE
id13_id7_0008.mp4,FAKE
id13_id7_0009.mp4,FAKE
id13_id7_0011.mp4,FAKE
id13_id7_0012.mp4,FAKE
id13_id7_0015.mp4,FAKE
id13_id10_0000.mp4,FAKE
id13_id10_0001.mp4,FAKE
id13_id10_0003.mp4,FAKE
id13_id10_0004.mp4,FAKE
id13_id10_0005.mp4,FAKE
id13_id10_0007.mp4,FAKE
id13_id10_0008.mp4,FAKE
id13_id10_0011.mp4,FAKE
id13_id10_0012.mp4,FAKE
id13_id10_0014.mp4,FAKE
id13_id10_0015.mp4,FAKE
id16_id0_0000.mp4,FAKE
id16_id0_0001.mp4,FAKE
id16_id0_0002.mp4,FAKE
id16_id0_0003.mp4,FAKE
id16_id0_0004.mp4,FAKE
id16_id0_0005.mp4,FAKE
id16_id0_0006.mp4,FAKE
id16_id0_0007.mp4,FAKE
id16_id0_0009.mp4,FAKE
id16_id0_0010.mp4,FAKE
id16_id0_0011.mp4,FAKE
id16_id0_0012.mp4,FAKE
id16_id0_0013.mp4,FAKE
id16_id1_0000.mp4,FAKE
id16_id1_0001.mp4,FAKE
id16_id1_0002.mp4,FAKE
id16_id1_0003.mp4,FAKE
id16_id1_0004.mp4,FAKE
id16_id1_0005.mp4,FAKE
id16_id1_0006.mp4,FAKE
id16_id1_0007.mp4,FAKE
id16_id1_0009.mp4,FAKE
id16_id1_0010.mp4,FAKE
id16_id1_0011.mp4,FAKE
id16_id1_0012.mp4,FAKE
id16_id1_0013.mp4,FAKE
id16_id2_0000.mp4,FAKE
id16_id2_0001.mp4,FAKE
id16_id2_0002.mp4,FAKE
id16_id2_0003.mp4,FAKE
id16_id2_0004.mp4,FAKE
id16_id2_0005.mp4,FAKE
id16_id2_0006.mp4,FAKE
id16_id2_0007.mp4,FAKE
id16_id2_0009.mp4,FAKE
id16_id2_0010.mp4,FAKE
id16_id2_0011.mp4,FAKE
id16_id2_0012.mp4,FAKE
id16_id2_0013.mp4,FAKE
id16_id3_0000.mp4,FAKE
id16_id3_0001.mp4,FAKE
id16_id3_0002.mp4,FAKE
id16_id3_0003.mp4,FAKE
id16_id3_0004.mp4,FAKE
id16_id3_0005.mp4,FAKE
id16_id3_0006.mp4,FAKE
id16_id3_0007.mp4,FAKE
id16_id3_0009.mp4,FAKE
id16_id3_0010.mp4,FAKE
id16_id3_0011.mp4,FAKE
id16_id3_0012.mp4,FAKE
id16_id3_0013.mp4,FAKE
id16_id6_0000.mp4,FAKE
id16_id6_0001.mp4,FAKE
id16_id6_0002.mp4,FAKE
id16_id6_0003.mp4,FAKE
id16_id6_0004.mp4,FAKE
id16_id6_0005.mp4,FAKE
id16_id6_0006.mp4,FAKE
id16_id6_0007.mp4,FAKE
id16_id6_0009.mp4,FAKE
id16_id6_0010.mp4,FAKE
id16_id6_0011.mp4,FAKE
id16_id6_0012.mp4,FAKE
id16_id6_0013.mp4,FAKE
id16_id9_0000.mp4,FAKE
id16_id9_0001.mp4,FAKE
id16_id9_0002.mp4,FAKE
id16_id9_0003.mp4,FAKE
id16_id9_0004.mp4,FAKE
id16_id9_0005.mp4,FAKE
id16_id9_0006.mp4,FAKE
id16_id9_0007.mp4,FAKE
id16_id9_0009.mp4,FAKE
id16_id9_0010.mp4,FAKE
id16_id9_0011.mp4,FAKE
id16_id9_0012.mp4,FAKE
id16_id9_0013.mp4,FAKE
id16_id17_0000.mp4,FAKE
id16_id17_0001.mp4,FAKE
id16_id17_0002.mp4,FAKE
id16_id17_0003.mp4,FAKE
id16_id17_0004.mp4,FAKE
id16_id17_0005.mp4,FAKE
id16_id17_0006.mp4,FAKE
id16_id17_0007.mp4,FAKE
id16_id17_0009.mp4,FAKE
id16_id17_0010.mp4,FAKE
id16_id17_0011.mp4,FAKE
id16_id17_0012.mp4,FAKE
id16_id17_0013.mp4,FAKE
id17_id0_0000.mp4,FAKE
id17_id0_0001.mp4,FAKE
id17_id0_0002.mp4,FAKE
id17_id0_0003.mp4,FAKE
id17_id0_0004.mp4,FAKE
id17_id0_0005.mp4,FAKE
id17_id0_0006.mp4,FAKE
id17_id0_0007.mp4,FAKE
id17_id0_0009.mp4,FAKE
id17_id1_0000.mp4,FAKE
id17_id1_0001.mp4,FAKE
id17_id1_0002.mp4,FAKE
id17_id1_0003.mp4,FAKE
id17_id1_0004.mp4,FAKE
id17_id1_0005.mp4,FAKE
id17_id1_0006.mp4,FAKE
id17_id1_0007.mp4,FAKE
id17_id1_0009.mp4,FAKE
id17_id2_0000.mp4,FAKE
id17_id2_0001.mp4,FAKE
id17_id2_0002.mp4,FAKE
id17_id2_0003.mp4,FAKE
id17_id2_0004.mp4,FAKE
id17_id2_0005.mp4,FAKE
id17_id2_0006.mp4,FAKE
id17_id2_0007.mp4,FAKE
id17_id2_0009.mp4,FAKE
id17_id3_0000.mp4,FAKE
id17_id3_0001.mp4,FAKE
id17_id3_0002.mp4,FAKE
id17_id3_0003.mp4,FAKE
id17_id3_0004.mp4,FAKE
id17_id3_0005.mp4,FAKE
id17_id3_0006.mp4,FAKE
id17_id3_0007.mp4,FAKE
id17_id3_0009.mp4,FAKE
id17_id6_0000.mp4,FAKE
id17_id6_0001.mp4,FAKE
id17_id6_0002.mp4,FAKE
id17_id6_0003.mp4,FAKE
id17_id6_0004.mp4,FAKE
id17_id6_0005.mp4,FAKE
id17_id6_0006.mp4,FAKE
id17_id6_0007.mp4,FAKE
id17_id6_0009.mp4,FAKE
id17_id9_0000.mp4,FAKE
id17_id9_0001.mp4,FAKE
id17_id9_0002.mp4,FAKE
id17_id9_0003.mp4,FAKE
id17_id9_0004.mp4,FAKE
id17_id9_0005.mp4,FAKE
id17_id9_0006.mp4,FAKE
id17_id9_0007.mp4,FAKE
id17_id9_0009.mp4,FAKE
id17_id16_0000.mp4,FAKE
id17_id16_0001.mp4,FAKE
id17_id16_0002.mp4,FAKE
id17_id16_0003.mp4,FAKE
id17_id16_0004.mp4,FAKE
id17_id16_0005.mp4,FAKE
id17_id16_0006.mp4,FAKE
id17_id16_0007.mp4,FAKE
id17_id16_0009.mp4,FAKE
